meeting_id,race_id,race_number,grade,dist,count_runners,box,start_time,track_code,time,place,pir,starting_price
-2099349806,-2099349157,11,5,312,5,1,2026-06-28,DAR,18.47,3,,4.7
1311597464,1311598017,5,XM5,312,6,2,2026-06-21,DAR,18.48,4,,4.0
1310675622,1310676161,4,X45,312,6,7,2026-06-17,DAR,19.17,5,,5.7
1308716715,1308717267,2,4,312,6,5,2026-06-14,DAR,18.58,3,,5.3
1287491847,1287492386,6,X34,312,5,1,2026-04-19,DAR,18.5,4,,3.5
1285169712,1285170244,2,X34,312,6,8,2026-04-12,DAR,18.36,2,,5.7
1282641669,1282642232,6,5,383,4,8,2026-04-08,DAR,22.58,4,,4.5
1282119124,1282119676,8,X34,312,6,1,2026-04-05,DAR,18.49,3,,22.5
1278689775,1278690280,5,X34,312,5,8,2026-03-25,DAR,18.38,5,,5.2
1276738885,1276739434,7,3,312,5,1,2026-03-22,DAR,18.69,3,,15.3
1274645705,1274646235,6,X34,312,6,1,2026-03-15,DAR,18.49,5,,6.6
1273382183,1273382704,1,X45M,312,6,7,2026-03-11,DAR,18.48,1,,6.0
1261280027,1261280555,8,X34,312,6,1,2026-02-08,DAR,18.79,6,,9.4
1256343678,1256344241,3,X34,383,7,6,2026-01-25,DAR,22.79,7,,30.3
1254432858,1254433365,7,X34,312,5,2,2026-01-18,DAR,18.79,5,,7.0
1253160822,1253161354,6,X45,383,6,2,2026-01-14,DAR,22.84,4,,5.4
1251428364,1251428897,6,X12,312,6,2,2026-01-11,DAR,18.9,6,,12.8
1246301130,1246301672,7,O,312,6,4,2026-01-04,DAR,18.77,6,,17.6
1242988019,1242988573,8,5,383,7,2,2025-12-21,DAR,22.51,1,,4.2
1240180913,1240181440,9,X45,383,6,6,2025-12-14,DAR,22.54,2,,17.9
1236364801,1236365379,5,X34,312,6,1,2025-12-07,DAR,18.33,1,,5.9
1234562197,1234562710,4,X34,312,6,8,2025-11-30,DAR,18.56,3,,12.4
1233733046,1233733602,5,X45,383,8,7,2025-11-26,DAR,22.77,5,,9.7
1225809731,1225810302,7,5,383,7,4,2025-11-09,DAR,23.74,6,,8.2
1219943021,1219943570,3,5,383,6,4,2025-10-26,DAR,22.85,2,,1.5
1217427998,1217428527,8,5,383,5,5,2025-10-19,DAR,22.82,2,,2.5
1213804271,1213804857,2,X34,383,8,6,2025-10-12,DAR,22.45,4,,9.4
1210236143,1210237149,2,X45,383,8,2,2025-10-01,DAR,22.64,3,,2.2
1208178539,1208179086,2,X45,383,7,8,2025-09-28,DAR,22.39,3,,9.1
1205791773,1205792312,6,O,312,6,8,2025-09-21,DAR,18.19,4,,20.4
1202590382,1202590909,5,X45,383,7,4,2025-09-14,DAR,22.98,5,,
1199243701,1199244208,4,3,312,5,2,2025-09-03,DAR,18.21,2,,1.6
1197426072,1197426577,5,FFA,383,6,2,2025-08-31,DAR,22.48,3,,4.4
1193947128,1193947634,6,X34,312,5,2,2025-08-20,DAR,18.31,1,,16.6
1192072389,1192072927,7,X34,383,8,1,2025-08-17,DAR,22.41,2,,6.2
1187895049,1187895570,5,X34,383,4,2,2025-08-06,DAR,22.75,3,,7.2
1187128021,1187128569,7,X34,383,8,8,2025-08-03,DAR,22.42,2,,4.1
1185082436,1185082951,3,4,312,6,8,2025-07-27,DAR,18.42,4,,1.9
1183873020,1183873525,5,X45,312,5,2,2025-07-23,DAR,18.14,1,,1.2
1180099993,1180100537,2,X45,312,5,2,2025-07-13,DAR,18.42,3,,1.3
1151438283,1151438816,2,XM5,383,8,8,2025-04-16,DAR,22.41,1,,1.6
1150378670,1150379218,2,XM5,383,5,4,2025-04-13,DAR,22.52,1,,1.4
1149155728,1149156272,7,XM5,383,7,6,2025-04-06,DAR,22.42,1,,1.4
1148043506,1148044033,4,XM5,383,6,7,2025-04-02,DAR,22.22,1,,1.8
1146398724,1146399252,1,MJ5,312,5,4,2025-03-30,DAR,18.2,1,,1.1
1144553542,1144554092,6,5,383,7,4,2025-03-23,DAR,22.77,5,,1.9
1142334109,1142334629,9,XM5,312,6,2,2025-03-16,DAR,18.09,1,,1.4
1140532013,1140532532,1,MJ5,312,5,2,2025-03-09,DAR,18.02,1,,3.9
